"appr_vs_clin_vs_non","mean_proba","med_proba","sd_proba","count","sem","upper_bound","lower_bound"
"Approved",0.861015574304583,0.980755436,0.262638570068066,24,0.0536108736200807,0.914626447924664,0.807404700684503
"NA",0.261544758825943,0.18661208655,0.215677006630488,11752,0.00198951838120001,0.263534277207143,0.259555240444743
"Trials",0.754575624735846,0.850608985,0.267784127989381,143,0.0223932337437836,0.77696885847963,0.732182390992063
